{"cameraMode":{"drawMode":0,"name":"Shaded","section":"Shading Mode"},"sceneLighting":true,"audioPlay":false,"sceneViewState":{"showFog":true,"showMaterialUpdate":false,"showSkybox":true,"showFlares":true,"showImageEffects":true,"showParticleSystems":true},"in2DMode":false,"pivot":{"x":0.10261587053537369,"y":-0.17590747773647309,"z":9.286730766296387},"rotation":{"x":0.13250632584095,"y":0.016358915716409684,"z":-0.002204549266025424,"w":0.9910882711410523},"size":8.665488243103028,"orthographic":false}